[
    {
      "id": 1,
      "name": "Nioxin Thickening Gel 140ml",
      "image": "../Products/product1.svg",
      "price": 600
      
    },
    {
      "id": 2,
      "name": "Prada Paradoxe Eau De Parfum 50 ml",
      "image": "../Products/product2.svg",
      "price": 400
      
    },
    {
      "id": 3,
      "name": "DeoDoc Violet Cotton Intimtvål 100 ml",
      "image": "../Products/product3.svg",
      "price": 400
      
    },
    {
      "id": 4,
      "name": "ghd Curve Soft Curl Tong",
      "image": "../Products/product3.svg",
      "price": 400
    
    }
  ]
  